{
  "UserActivity": {
    "username": "arussell",
    "userGenre": "arussell",
    "userAge": "arussell",
    "shippingAddress": "Jon Doe Company. 123 Any street",
    "searchInput": "shoes",
    "searchSelection": "ASICS Mens GEL Venture 5 Running Shoe",
    "sessionId": "j6oAOxCWZh/CD723LGeXlf",
    "checkoutItems": [
      {
        "item": "adidas performance SNK",
        "quantity": 1
      },
      {
        "item": "Globmall M8S Fully Loaded KODI Quad Core",
        "quantity": 2
      }
    ],
    "checkoutDate": "2016-01-28",
    "checkoutCost": 28.69
  }
}